AN_WILTY_EP15_truth1,truth,female
AN_WILTY_EP15_truth2,truth,female
AN_WILTY_EP15_truth3,truth,male
AN_WILTY_EP15_truth6,truth,male
AN_WILTY_EP15_lie14,deception,male
AN_WILTY_EP15_lie16,deception,male
AN_WILTY_EP15_lie17,deception,male
AN_WILTY_EP15_truth20,truth,male
AN_WILTY_EP15_truth23,truth,male
AN_WILTY_EP15_truth24,truth,male
AN_WILTY_EP16_lie2,deception,male
AN_WILTY_EP16_truth8,truth,male
AN_WILTY_EP16_truth9,truth,male
AN_WILTY_EP16_truth10,truth,male
AN_WILTY_EP16_truth12,truth,male
AN_WILTY_EP16_truth14,truth,male
AN_WILTY_EP16_truth16,truth,male
AN_WILTY_EP16_lie17,deception,male
AN_WILTY_EP16_lie20,deception,male
AN_WILTY_EP16_lie21,deception,male
AN_WILTY_EP16_truth22,truth,male
AN_WILTY_EP16_truth24,truth,male
AN_WILTY_EP16_truth26,truth,female
AN_WILTY_EP17_lie1,deception,male
AN_WILTY_EP17_truth5,truth,male
AN_WILTY_EP17_truth6,truth,male
AN_WILTY_EP17_lie9,deception,male
AN_WILTY_EP17_truth10,truth,male
AN_WILTY_EP17_truth11,truth,male
AN_WILTY_EP17_lie13,deception,male
AN_WILTY_EP18_truth1,truth,female
AN_WILTY_EP18_truth2,truth,female
AN_WILTY_EP18_truth4,truth,female
AN_WILTY_EP18_lie9,deception,female
AN_WILTY_EP18_lie10,deception,female
AN_WILTY_EP18_lie14,deception,female
AN_WILTY_EP18_lie15,deception,female
AN_WILTY_EP18_lie18,deception,female
AN_WILTY_EP18_lie20,deception,male
AN_WILTY_EP18_lie21,deception,male
AN_WILTY_EP19_lie1,deception,female
AN_WILTY_EP19_lie2,deception,female
AN_WILTY_EP19_truth5,truth,male
AN_WILTY_EP19_lie7,deception,male
AN_WILTY_EP19_lie8,deception,male
AN_WILTY_EP19_lie9,deception,male
AN_WILTY_EP19_lie12,deception,male
AN_WILTY_EP19_lie15,deception,male
AN_WILTY_EP19_lie18,deception,male
AN_WILTY_EP19_truth20,truth,female
AN_WILTY_EP20_truth3,truth,female
AN_WILTY_EP20_lie6,deception,male
AN_WILTY_EP20_lie7,deception,male
AN_WILTY_EP20_truth11,truth,female
AN_WILTY_EP20_lie12,deception,male
AN_WILTY_EP20_lie15,deception,male
AN_WILTY_EP20_lie16,deception,male
AN_WILTY_EP21_lie1,deception,male
AN_WILTY_EP21_truth2,truth,female
AN_WILTY_EP21_truth3,truth,female
AN_WILTY_EP21_truth4,truth,female
AN_WILTY_EP21_lie5,deception,male
AN_WILTY_EP21_lie6,deception,male
AN_WILTY_EP21_lie10,deception,male
AN_WILTY_EP21_lie13,deception,male
AN_WILTY_EP21_lie14,deception,male
AN_WILTY_EP21_lie15,deception,male
AN_WILTY_EP21_lie17,deception,male
AN_WILTY_EP21_lie24,deception,female
AN_WILTY_EP22_truth1,truth,male
AN_WILTY_EP22_truth2,truth,male
AN_WILTY_EP22_lie6,deception,female
AN_WILTY_EP22_lie8,deception,male
AN_WILTY_EP22_lie10,deception,male
AN_WILTY_EP22_truth13,truth,male
AN_WILTY_EP22_truth14,truth,male
AN_WILTY_EP22_truth15,truth,male
AN_WILTY_EP22_truth19,truth,male
AN_WILTY_EP22_lie26,deception,male
AN_WILTY_EP22_lie27,deception,male
AN_WILTY_EP22_lie28,deception,male
AN_WILTY_EP22_lie29,deception,male
AN_WILTY_EP23_truth1,truth,male
AN_WILTY_EP23_truth2,truth,male
AN_WILTY_EP23_truth4,truth,male
AN_WILTY_EP23_truth5,truth,male
AN_WILTY_EP23_truth6,truth,female
AN_WILTY_EP23_truth9,truth,female
AN_WILTY_EP24_lie2,deception,male
AN_WILTY_EP24_lie3,deception,male
AN_WILTY_EP24_lie4,deception,male
AN_WILTY_EP24_lie5,deception,male
AN_WILTY_EP24_lie6,deception,male
AN_WILTY_EP24_lie7,deception,male
AN_WILTY_EP24_lie9,deception,female
AN_WILTY_EP24_lie10,deception,male
AN_WILTY_EP24_lie16,deception,male
AN_WILTY_EP24_lie17,deception,male
AN_WILTY_EP25_lie2,deception,male
AN_WILTY_EP25_truth4,truth,male
AN_WILTY_EP25_truth5,truth,male
AN_WILTY_EP25_lie7,deception,male
AN_WILTY_EP25_lie10,deception,male
AN_WILTY_EP25_lie11,deception,male
AN_WILTY_EP26_lie1,deception,female
AN_WILTY_EP26_truth2,truth,male
AN_WILTY_EP26_truth3,truth,male
AN_WILTY_EP26_truth4,truth,male
AN_WILTY_EP26_truth5,truth,male
AN_WILTY_EP26_truth6,truth,male
AN_WILTY_EP26_truth7,truth,male
AN_WILTY_EP26_truth8,truth,male
AN_WILTY_EP26_truth9,truth,male
AN_WILTY_EP26_truth10,truth,male
AN_WILTY_EP26_truth13,truth,female
AN_WILTY_EP26_lie14,deception,male
AN_WILTY_EP26_lie15,deception,male
AN_WILTY_EP26_lie16,deception,male
AN_WILTY_EP26_lie17,deception,male
AN_WILTY_EP27_lie2,deception,male
AN_WILTY_EP27_lie3,deception,male
AN_WILTY_EP27_truth7,truth,female
AN_WILTY_EP27_truth8,truth,female
AN_WILTY_EP27_truth10,truth,female
AN_WILTY_EP27_lie11,deception,male
AN_WILTY_EP27_truth15,truth,male
AN_WILTY_EP27_truth16,truth,male
AN_WILTY_EP28_lie2,deception,male
AN_WILTY_EP28_lie4,deception,male
AN_WILTY_EP28_lie6,deception,male
AN_WILTY_EP28_truth7,truth,female
AN_WILTY_EP28_truth8,truth,female
AN_WILTY_EP28_truth9,truth,female
AN_WILTY_EP28_truth10,truth,female
AN_WILTY_EP28_truth12,truth,male
AN_WILTY_EP28_truth14,truth,male
AN_WILTY_EP28_truth16,truth,male
YW_WILTY_EP43_truth2,truth,female
YW_WILTY_EP43_truth3,truth,female
YW_WILTY_EP43_lie2,deception,male
YW_WILTY_EP43_lie3,deception,male
YW_WILTY_EP43_lie4,deception,male
YW_WILTY_EP43_truth4,truth,male
YW_WILTY_EP43_lie7,deception,female
YW_WILTY_EP43_lie8,deception,male
YW_WILTY_EP43_truth6,truth,male
YW_WILTY_EP43_truth7,truth,male
YW_WILTY_EP43_truth8,truth,male
YW_WILTY_EP43_lie13,deception,male
YW_WILTY_EP43_lie14,deception,male
YW_WILTY_EP44_lie1,deception,male
YW_WILTY_EP44_lie2,deception,male
YW_WILTY_EP44_lie5,truth,male
YW_WILTY_EP44_truth1,truth,male
YW_WILTY_EP44_truth4,truth,male
YW_WILTY_EP44_lie6,deception,female
YW_WILTY_EP44_lie7,deception,male
YW_WILTY_EP44_truth5,truth,male
YW_WILTY_EP44_truth7,truth,male
YW_WILTY_EP44_lie11,deception,female
YW_WILTY_EP44_lie12,deception,male
YW_WILTY_EP44_lie15,deception,male
YW_WILTY_EP44_truth12,truth,male
YW_WILTY_EP44_truth13,truth,male
YW_WILTY_EP44_truth15,truth,male
YW_WILTY_EP45_lie3,deception,male
YW_WILTY_EP45_lie4,deception,male
YW_WILTY_EP45_lie5,deception,male
YW_WILTY_EP45_lie7,deception,male
YW_WILTY_EP45_lie8,deception,male
YW_WILTY_EP45_truth2,truth,male
YW_WILTY_EP45_truth4,truth,male
YW_WILTY_EP45_truth5,truth,male
YW_WILTY_EP45_truth6,truth,male
YW_WILTY_EP45_truth7,truth,female
YW_WILTY_EP45_lie10,deception,male
YW_WILTY_EP45_lie12,deception,male
YW_WILTY_EP45_lie13,deception,male
YW_WILTY_EP45_lie14,deception,male
YW_WILTY_EP45_lie15,deception,male
YW_WILTY_EP45_lie16,deception,male
YW_WILTY_EP45_lie19,deception,male
YW_WILTY_EP46_lie3,deception,male
YW_WILTY_EP46_lie5,deception,male
YW_WILTY_EP46_truth4,truth,male
YW_WILTY_EP46_truth10,truth,male
YW_WILTY_EP46_lie8,deception,female
YW_WILTY_EP46_truth12,truth,male
YW_WILTY_EP47_lie3,deception,male
YW_WILTY_EP47_lie4,deception,male
YW_WILTY_EP47_lie5,deception,male
YW_WILTY_EP47_lie8,deception,male
YW_WILTY_EP47_truth3,truth,male
YW_WILTY_EP47_lie12,deception,female
YW_WILTY_EP47_lie13,deception,male
YW_WILTY_EP47_lie14,deception,female
YW_WILTY_EP47_lie20,deception,male
YW_WILTY_EP47_truth6,truth,male
YW_WILTY_EP48_truth4,truth,female
YW_WILTY_EP48_lie2,deception,male
YW_WILTY_EP48_lie9,deception,male
YW_WILTY_EP48_lie10,deception,male
YW_WILTY_EP49_truth1,truth,male
YW_WILTY_EP49_truth3,truth,male
YW_WILTY_EP49_truth6,truth,male
YW_WILTY_EP49_lie2,deception,female
YW_WILTY_EP49_lie3,deception,male
YW_WILTY_EP49_lie5,deception,female
YW_WILTY_EP49_truth7,truth,male
YW_WILTY_EP49_truth8,truth,male
YW_WILTY_EP49_truth9,truth,male
YW_WILTY_EP49_lie6,deception,male
YW_WILTY_EP49_lie8,deception,male
YW_WILTY_EP49_truth10,truth,male
YW_WILTY_EP49_truth11,truth,male
YW_WILTY_EP50_lie3,deception,male
YW_WILTY_EP50_lie5,deception,male
YW_WILTY_EP50_truth1,truth,male
YW_WILTY_EP50_truth2,truth,male
YW_WILTY_EP50_truth3,truth,male
YW_WILTY_EP50_lie8,deception,female
YW_WILTY_EP50_lie10,deception,female
YW_WILTY_EP50_lie14,deception,female
YW_WILTY_EP50_lie15,deception,female
YW_WILTY_EP50_truth12,truth,female
YW_WILTY_EP50_truth15,truth,female
YW_WILTY_EP51_truth1,truth,male
YW_WILTY_EP51_truth2,truth,male
YW_WILTY_EP51_lie3,deception,male
YW_WILTY_EP51_lie4,deception,female
YW_WILTY_EP51_truth4,truth,male
YW_WILTY_EP51_lie7,deception,male
YW_WILTY_EP51_lie8,deception,male
YW_WILTY_EP51_lie9,deception,female
YW_WILTY_EP52_truth1,truth,female
YW_WILTY_EP52_truth2,truth,female
YW_WILTY_EP52_truth3,truth,male
YW_WILTY_EP52_truth4,truth,male
YW_WILTY_EP52_truth5,truth,male
YW_WILTY_EP52_truth6,truth,male
YW_WILTY_EP52_lie2,deception,male
YW_WILTY_EP52_lie3,deception,female
YW_WILTY_EP52_lie6,deception,male
YW_WILTY_EP52_lie7,deception,male
YW_WILTY_EP52_lie8,deception,female
YW_WILTY_EP52_truth8,truth,male
YW_WILTY_EP53_truth1,truth,male
YW_WILTY_EP53_truth3,truth,male
YW_WILTY_EP53_lie1,deception,female
YW_WILTY_EP53_lie4,deception,male
YW_WILTY_EP53_truth9,truth,male
YW_WILTY_EP53_truth10,truth,male
YW_WILTY_EP53_lie10,deception,male
YW_WILTY_EP53_lie11,deception,male
YW_WILTY_EP53_lie13,deception,male
YW_WILTY_EP54_truth1,truth,female
YW_WILTY_EP54_lie1,deception,male
YW_WILTY_EP54_truth3,truth,male
YW_WILTY_EP54_lie2,deception,male
YW_WILTY_EP54_truth4,truth,male
YW_WILTY_EP54_truth5,truth,male
YW_WILTY_EP54_lie4,deception,female
YW_WILTY_EP54_lie8,deception,male
YW_WILTY_EP55_lie1,deception,male
YW_WILTY_EP55_lie2,deception,male
YW_WILTY_EP55_truth1,truth,male
YW_WILTY_EP55_truth2,truth,male
YW_WILTY_EP55_truth3,truth,male
YW_WILTY_EP55_lie4,deception,male
YW_WILTY_EP55_truth7,truth,female
YW_WILTY_EP55_lie9,deception,male
YW_WILTY_EP55_lie10,deception,male
YW_WILTY_EP55_lie11,deception,male
YW_WILTY_EP55_lie12,deception,male
YW_WILTY_EP55_lie15,deception,male
YW_WILTY_EP55_lie16,deception,male
YW_WILTY_EP56_lie2,deception,male
YW_WILTY_EP56_lie5,deception,male
YW_WILTY_EP56_lie11,deception,male
YW_WILTY_EP56_lie13,deception,male
YW_WILTY_EP56_lie14,deception,male
YW_WILTY_EP56_lie15,deception,male
YW_WILTY_EP56_truth2,truth,male
YW_WILTY_EP56_truth4,truth,male
YW_WILTY_EP56_lie18,deception,female
YW_WILTY_EP56_lie19,deception,female
SB_WILTY_EP29_lie2,deception,male
SB_WILTY_EP29_lie3,deception,male
SB_WILTY_EP29_truth1,truth,male
SB_WILTY_EP29_truth2,truth,male
SB_WILTY_EP29_truth3,truth,male
SB_WILTY_EP29_lie8,deception,male
SB_WILTY_EP29_lie9,deception,male
SB_WILTY_EP29_truth4,truth,male
SB_WILTY_EP29_truth7,truth,male
SB_WILTY_EP29_lie10,deception,male
SB_WILTY_EP30_lie1,deception,male
SB_WILTY_EP30_lie2,deception,male
SB_WILTY_EP30_lie3,deception,male
SB_WILTY_EP30_truth1,truth,male
SB_WILTY_EP30_truth2,truth,male
SB_WILTY_EP30_truth4,truth,male
SB_WILTY_EP30_truth5,truth,male
SB_WILTY_EP30_truth7,truth,male
SB_WILTY_EP30_lie5,deception,female
SB_WILTY_EP30_lie7,deception,female
SB_WILTY_EP30_lie8,deception,female
SB_WILTY_EP30_lie12,deception,male
SB_WILTY_EP30_lie14,deception,male
SB_WILTY_EP30_lie16,deception,male
SB_WILTY_EP30_lie17,deception,male
SB_WILTY_EP30_truth12,truth,male
SB_WILTY_EP30_truth13,truth,male
SB_WILTY_EP30_lie18,deception,male
SB_WILTY_EP30_lie21,deception,male
SB_WILTY_EP30_lie22,deception,male
SB_WILTY_EP30_lie23,deception,male
SB_WILTY_EP30_lie27,deception,male
SB_WILTY_EP31_lie1,deception,male
SB_WILTY_EP31_lie2,deception,male
SB_WILTY_EP31_lie3,deception,male
SB_WILTY_EP31_lie4,deception,male
SB_WILTY_EP31_truth1,truth,male
SB_WILTY_EP31_truth2,truth,male
SB_WILTY_EP31_truth4,truth,male
SB_WILTY_EP31_truth5,truth,male
SB_WILTY_EP31_truth6,truth,female
SB_WILTY_EP31_truth7,truth,female
SB_WILTY_EP31_lie5,deception,male
SB_WILTY_EP31_truth8,truth,male
SB_WILTY_EP31_lie6,deception,female
SB_WILTY_EP31_lie7,deception,male
SB_WILTY_EP32_truth2,truth,male
SB_WILTY_EP32_truth3,truth,male
SB_WILTY_EP32_lie6,deception,female
SB_WILTY_EP32_lie7,deception,female
SB_WILTY_EP32_lie9,deception,male
SB_WILTY_EP32_lie10,deception,male
SB_WILTY_EP32_lie12,deception,male
SB_WILTY_EP32_lie13,deception,male
SB_WILTY_EP32_lie14,deception,male
SB_WILTY_EP32_lie15,deception,male
SB_WILTY_EP33_lie2,deception,male
SB_WILTY_EP33_lie3,deception,male
SB_WILTY_EP33_lie4,deception,female
SB_WILTY_EP33_truth1,truth,male
SB_WILTY_EP33_truth3,truth,male
SB_WILTY_EP34_lie1,deception,male
SB_WILTY_EP34_lie2,deception,male
SB_WILTY_EP34_lie4,deception,male
SB_WILTY_EP34_lie6,deception,male
SB_WILTY_EP34_lie7,deception,male
SB_WILTY_EP34_lie9,deception,male
SB_WILTY_EP34_truth1,truth,male
SB_WILTY_EP34_truth2,truth,male
SB_WILTY_EP34_truth3,truth,male
SB_WILTY_EP34_truth4,truth,male
SB_WILTY_EP35_lie1,deception,female
SB_WILTY_EP35_lie2,deception,female
SB_WILTY_EP35_lie3,deception,female
SB_WILTY_EP35_lie4,deception,female
SB_WILTY_EP35_truth6,truth,male
SB_WILTY_EP35_truth7,truth,male
SB_WILTY_EP35_truth8,truth,male
SB_WILTY_EP35_truth9,truth,male
SB_WILTY_EP35_truth10,truth,male
SB_WILTY_EP35_truth11,truth,male
SB_WILTY_EP35_lie5,deception,male
SB_WILTY_EP35_lie8,deception,male
SB_WILTY_EP36_lie1,deception,female
SB_WILTY_EP36_truth1,truth,male
SB_WILTY_EP36_lie2,deception,male
SB_WILTY_EP36_lie3,deception,female
SB_WILTY_EP36_lie4,deception,female
SB_WILTY_EP36_truth2,truth,male
SB_WILTY_EP36_lie6,deception,male
SB_WILTY_EP36_lie8,deception,male
SB_WILTY_EP36_truth3,truth,male
SB_WILTY_EP36_truth4,truth,male
SB_WILTY_EP36_truth5,truth,male
SB_WILTY_EP36_truth6,truth,male
SB_WILTY_EP37_lie1,deception,female
SB_WILTY_EP37_lie2,deception,female
SB_WILTY_EP37_lie3,deception,female
SB_WILTY_EP37_lie4,deception,female
SB_WILTY_EP37_lie5,deception,female
SB_WILTY_EP37_lie6,deception,female
SB_WILTY_EP37_truth2,truth,female
SB_WILTY_EP37_truth4,truth,female
SB_WILTY_EP37_truth8,truth,male
SB_WILTY_EP37_truth9,truth,male
SB_WILTY_EP37_truth11,truth,male
SB_WILTY_EP37_truth12,truth,male
SB_WILTY_EP37_truth14,truth,female
SB_WILTY_EP37_lie7,deception,male
SB_WILTY_EP38_lie1,deception,male
SB_WILTY_EP38_lie2,deception,male
SB_WILTY_EP38_truth1,truth,female
SB_WILTY_EP38_truth2,truth,female
SB_WILTY_EP38_lie6,deception,male
SB_WILTY_EP39_lie1,deception,male
SB_WILTY_EP39_lie2,deception,male
SB_WILTY_EP39_lie3,deception,male
SB_WILTY_EP39_lie5,deception,male
SB_WILTY_EP39_truth1,truth,male
SB_WILTY_EP39_truth2,truth,male
SB_WILTY_EP39_truth3,truth,male
SB_WILTY_EP39_truth4,truth,male
SB_WILTY_EP39_truth5,truth,male
SB_WILTY_EP40_lie1,deception,male
SB_WILTY_EP40_lie2,deception,male
SB_WILTY_EP40_truth1,truth,male
SB_WILTY_EP40_truth2,truth,male
SB_WILTY_EP40_truth3,truth,male
SB_WILTY_EP40_lie6,deception,male
SB_WILTY_EP40_lie8,deception,male
SB_WILTY_EP40_lie9,deception,male
SB_WILTY_EP40_lie10,deception,male
SB_WILTY_EP41_lie2,deception,male
SB_WILTY_EP41_lie3,deception,male
SB_WILTY_EP41_lie4,deception,male
SB_WILTY_EP41_truth1,truth,male
SB_WILTY_EP41_truth3,truth,female
SB_WILTY_EP41_lie5,deception,male
SB_WILTY_EP41_lie6,deception,male
SB_WILTY_EP41_truth4,truth,female
SB_WILTY_EP41_lie7,deception,male
SB_WILTY_EP41_lie8,deception,male
SB_WILTY_EP41_lie9,deception,male
SB_WILTY_EP41_lie11,deception,male
SB_WILTY_EP41_lie12,deception,male
SB_WILTY_EP41_lie14,deception,male
SB_WILTY_EP41_lie15,deception,male
SB_WILTY_EP42_truth1,truth,male
SB_WILTY_EP42_truth3,truth,male
SB_WILTY_EP42_lie1,deception,male
SB_WILTY_EP42_lie2,deception,male
SB_WILTY_EP42_truth5,truth,male
SB_WILTY_EP42_truth8,truth,male
SB_WILTY_EP42_truth9,truth,male
SB_WILTY_EP42_truth12,truth,male
SB_WILTY_EP42_lie4,deception,female
SB_WILTY_EP42_lie5,deception,male
SB_WILTY_EP42_lie6,deception,male
SB_WILTY_EP42_lie8,deception,male
SB_WILTY_EP42_lie10,deception,female
SB_WILTY_EP42_truth15,truth,male
SB_WILTY_EP42_truth18,truth,male
SB_WILTY_EP42_lie11,deception,male
SB_WILTY_EP42_lie12,deception,male
SB_WILTY_EP42_lie18,deception,male
LS_WILTY_EP1_truth1,truth,male
LS_WILTY_EP1_truth3,truth,male
LS_WILTY_EP1_truth5,truth,male
LS_WILTY_EP1_lie2,deception,female
LS_WILTY_EP1_lie3,deception,female
LS_WILTY_EP1_lie5,deception,male
LS_WILTY_EP1_lie6,deception,male
LS_WILTY_EP1_lie7,deception,male
LS_WILTY_EP1_lie8,deception,male
LS_WILTY_EP1_truth6,truth,male
LS_WILTY_EP1_truth7,truth,male
LS_WILTY_EP2_truth1,truth,male
LS_WILTY_EP2_truth2,truth,male
LS_WILTY_EP2_lie6,deception,male
LS_WILTY_EP2_lie7,deception,male
LS_WILTY_EP2_truth5,truth,female
LS_WILTY_EP2_truth7,truth,female
LS_WILTY_EP2_lie8,deception,male
LS_WILTY_EP2_lie9,deception,male
LS_WILTY_EP2_lie10,deception,male
LS_WILTY_EP2_lie11,deception,male
LS_WILTY_EP3_truth2,truth,male
LS_WILTY_EP3_truth4,truth,male
LS_WILTY_EP3_truth5,truth,male
LS_WILTY_EP3_truth6,truth,male
LS_WILTY_EP3_lie3,deception,male
LS_WILTY_EP3_lie5,deception,male
LS_WILTY_EP3_lie7,deception,male
LS_WILTY_EP3_lie8,deception,male
LS_WILTY_EP3_lie9,deception,male
LS_WILTY_EP3_lie11,deception,male
LS_WILTY_EP3_lie12,deception,male
LS_WILTY_EP3_lie13,deception,male
LS_WILTY_EP3_lie14,deception,male
LS_WILTY_EP4_lie1,deception,male
LS_WILTY_EP4_lie2,deception,male
LS_WILTY_EP4_truth1,truth,male
LS_WILTY_EP4_truth2,truth,male
LS_WILTY_EP4_truth3,truth,female
LS_WILTY_EP4_lie4,deception,male
LS_WILTY_EP4_lie6,deception,male
LS_WILTY_EP4_lie7,deception,male
LS_WILTY_EP4_lie8,deception,male
LS_WILTY_EP4_lie9,deception,male
LS_WILTY_EP4_truth6,truth,male
LS_WILTY_EP4_truth10,truth,female
LS_WILTY_EP4_lie10,deception,male
LS_WILTY_EP4_lie12,deception,male
LS_WILTY_EP4_lie15,deception,male
LS_WILTY_EP4_lie16,deception,female
LS_WILTY_EP5_truth1,truth,male
LS_WILTY_EP5_truth7,truth,male
LS_WILTY_EP5_truth8,truth,male
LS_WILTY_EP5_lie2,deception,male
LS_WILTY_EP5_lie3,deception,male
LS_WILTY_EP5_truth9,truth,female
LS_WILTY_EP5_lie6,deception,male
LS_WILTY_EP5_truth10,truth,male
LS_WILTY_EP6_truth2,truth,female
LS_WILTY_EP6_truth4,truth,female
LS_WILTY_EP6_truth5,truth,female
LS_WILTY_EP6_lie1,deception,male
LS_WILTY_EP6_truth7,truth,male
LS_WILTY_EP6_truth8,truth,male
LS_WILTY_EP6_lie6,deception,male
LS_WILTY_EP6_lie7,deception,male
LS_WILTY_EP6_truth10,truth,female
LS_WILTY_EP7_lie3,deception,male
LS_WILTY_EP7_lie5,deception,male
LS_WILTY_EP7_lie7,deception,male
LS_WILTY_EP7_truth3,truth,female
LS_WILTY_EP7_lie8,deception,male
LS_WILTY_EP7_lie9,deception,male
LS_WILTY_EP7_lie11,deception,male
LS_WILTY_EP7_lie13,deception,male
LS_WILTY_EP7_truth6,deception,male
LS_WILTY_EP7_truth7,truth,male
LS_WILTY_EP7_truth9,truth,male
LS_WILTY_EP7_truth11,truth,male
LS_WILTY_EP8_lie1,deception,female
LS_WILTY_EP8_lie3,deception,male
LS_WILTY_EP8_lie4,deception,male
LS_WILTY_EP8_lie5,deception,male
LS_WILTY_EP9_lie1,deception,female
LS_WILTY_EP9_truth3,truth,male
LS_WILTY_EP9_truth4,truth,male
LS_WILTY_EP9_truth5,truth,male
LS_WILTY_EP9_truth6,truth,male
LS_WILTY_EP9_lie8,deception,male
LS_WILTY_EP9_lie9,deception,male
LS_WILTY_EP9_lie11,deception,male
LS_WILTY_EP9_lie17,deception,male
LS_WILTY_EP9_lie20,deception,male
LS_WILTY_EP10_truth1,truth,male
LS_WILTY_EP10_truth3,truth,male
LS_WILTY_EP10_lie1,deception,female
LS_WILTY_EP10_lie2,deception,female
LS_WILTY_EP10_lie8,deception,male
LS_WILTY_EP10_lie9,deception,male
LS_WILTY_EP10_truth5,truth,male
LS_WILTY_EP10_truth6,truth,male
LS_WILTY_EP10_lie11,deception,male
LS_WILTY_EP10_lie12,deception,female
LS_WILTY_EP11_lie1,deception,male
LS_WILTY_EP11_truth1,truth,male
LS_WILTY_EP11_truth3,truth,male
LS_WILTY_EP11_lie2,deception,male
LS_WILTY_EP11_lie3,deception,male
LS_WILTY_EP11_lie6,deception,male
LS_WILTY_EP11_truth6,truth,male
LS_WILTY_EP11_lie7,deception,male
LS_WILTY_EP11_lie10,deception,male
LS_WILTY_EP11_lie12,deception,male
LS_WILTY_EP11_lie14,deception,male
LS_WILTY_EP11_lie16,deception,male
LS_WILTY_EP12_lie1,deception,male
LS_WILTY_EP12_lie5,deception,male
LS_WILTY_EP12_lie7,deception,male
LS_WILTY_EP12_lie8,deception,male
LS_WILTY_EP12_lie10,deception,male
LS_WILTY_EP12_lie13,deception,male
LS_WILTY_EP12_lie16,deception,male
LS_WILTY_EP13_truth1,truth,male
LS_WILTY_EP13_truth2,truth,male
LS_WILTY_EP13_truth3,truth,male
LS_WILTY_EP13_lie2,deception,male
LS_WILTY_EP13_lie3,deception,male
LS_WILTY_EP13_truth4,truth,male
LS_WILTY_EP13_lie7,deception,male
LS_WILTY_EP13_lie8,deception,male
LS_WILTY_EP13_lie10,deception,male
LS_WILTY_EP13_truth6,truth,male
LS_WILTY_EP13_truth7,truth,female
LS_WILTY_EP13_truth8,truth,male
LS_WILTY_EP13_truth9,truth,male
LS_WILTY_EP13_truth10,truth,male
LS_WILTY_EP14_lie1,deception,male
LS_WILTY_EP14_lie2,deception,male
LS_WILTY_EP14_truth2,truth,male
LS_WILTY_EP14_lie4,deception,female
LS_WILTY_EP14_truth7,truth,male
LS_WILTY_EP14_truth9,truth,male
LS_WILTY_EP14_lie11,deception,male
YW_WILTY_EP70_truth6,truth,female
BRI_WILTY_EP58_lie_34,deception,male
BRI_WILTY_EP59_truth_12,truth,male
BRI_WILTY_EP66_truth_13,Truth,Male
BRI_WILTY_EP67_truth_14,Truth,Male
BRI_WILTY_EP59_deception_20,deception,female
BRI_WILTY_EP58_lie_1,deception,male
SJ_WILTY_EP71_true_18,truth,female
BRI_WILTY_EP58_lie_25,deception,male
BRI_WILTY_EP63_lie_25,Deception,Female
BRI_WILTY_EP58_lie_33,deception,male
BRI_WILTY_EP69_truth_23,Truth,Female
BRI_WILTY_EP69_truth_24,Truth,Male
LS_WILTY_EP76_true10,truth,male
BRI_WILTY_EP67_lie_1,Deception,Male
BRI_WILTY_EP57_truth_6,truth,female
SJ_WILTY_EP71_lie_7,deception,male
BRI_WILTY_EP61_truth_13,truth,Female 
BRI_WILTY_EP64_lie_23,Deception,Male 
BRI_WILTY_EP67_truth_15,Truth,Male
BRI_WILTY_EP68_lie_18,Deception,Male
BRI_WILTY_EP63_truth_3,Truth,Female
YW_WILTY_EP70_lie18,deception,male
LS_WILTY_EP75_lie8,lie,male
BRI_WILTY_EP62_lie_24,Deception,Male
BRI_WILTY_EP63_truth_7,Truth,Male
BRI_WILTY_EP58_lie_32,deception,male
BRI_WILTY_EP69_lie_1,Deception,Male
BRI_WILTY_EP63_lie_30,Deception,Female
SJ_WILTY_EP71_lie_8,deception,male
SJ_WILTY_EP71_true_15,truth,female
BRI_WILTY_EP64_truth_19,Truth,Male 
LS_WILTY_EP73_ true14,truth ,female
BRI_WILTY_EP60_lie_17,deception,male
LS_WILTY_EP76_lie16,lie,male
LS_WILTY_EP72_true4,truth ,male 
BRI_WILTY_EP58_truth_9,truth,male
BRI_WILTY_EP69_lie_17,Deception,Male
BRI_WILTY_EP58_truth_11,truth,male
BRI_WILTY_EP69_lie_2,Deception,Male
LS_WILTY_EP73_ lie7,lie,male 
YW_WILTY_EP70_truth11,truth,male
BRI_WILTY_EP59_truth_1,truth,male
BRI_WILTY_EP68_lie_15,Deception,Male
BRI_WILTY_EP60_lie_24,deception,male
BRI_WILTY_EP57_truth_27,truth,male
LS_WILTY_EP75_lie10,lie,male
BRI_WILTY_EP61_truth_34,Truth,Male
LS_WILTY_EP73_ true17,truth ,female
BRI_WILTY_EP61_lie_23,deception,Male
BRI_WILTY_EP68_lie_17,Deception,Male
BRI_WILTY_EP59_truth_5,truth,male
LS_WILTY_EP76_true8,truth,male
LS_WILTY_EP75_lie5,lie,male 
BRI_WILTY_EP62_lie_26,Deception,Male
BRI_WILTY_EP61_truth_9,truth,Female 
BRI_WILTY_EP62_lie_14,Deception,Male
BRI_WILTY_EP66_truth_14,Truth,Male
BRI_WILTY_EP69_truth_26,Truth,Male
BRI_WILTY_EP64_lie_24,Deception,Male 
BRI_WILTY_EP63_truth_14,Truth,Male
BRI_WILTY_EP69_lie_16,Deception,Male
BRI_WILTY_EP65_lie_12,Deception,Male
BRI_WILTY_EP57_truth_12,truth,male
LS_WILTY_EP73_ true13,truth ,male 
BRI_WILTY_EP65_truth_16,Truth,Male
BRI_WILTY_EP68_lie_19,Deception,Male
BRI_WILTY_EP66_truth_9,Truth,Male
BRI_WILTY_EP61_lie_31,deception,Male
SJ_WILTY_EP71_true_16,truth,female
LS_WILTY_EP72_lie5,lie,male 
BRI_WILTY_EP65_lie_8,Deception,Male
SJ_WILTY_EP71_true_9,truth,female
BRI_WILTY_EP59_deception_26,deception,male
BRI_WILTY_EP59_deception_22,deception,female
BRI_WILTY_EP68_truth_8,Truth,Female
BRI_WILTY_EP66_lie_10,Deception,Male
BRI_WILTY_EP57_lie_19,deception,male
BRI_WILTY_EP68_truth_11,Truth,Female
BRI_WILTY_EP64_lie_10,Deception,Female 
BRI_WILTY_EP61_lie_1,deception,Male
YW_WILTY_EP70_truth1,truth,female
BRI_WILTY_EP64_lie_14,Deception,Male 
BRI_WILTY_EP58_lie_4,deception,male
BRI_WILTY_EP59_truth_17,truth,male
BRI_WILTY_EP63_lie_29,Deception,Female
BRI_WILTY_EP59_deception_21,deception,female
LS_WILTY_EP72_lie15,lie,female 
BRI_WILTY_EP67_truth_16,Truth,Male
BRI_WILTY_EP66_lie_11,Deception,Male
BRI_WILTY_EP60_lie_15,deception,female
SJ_WILTY_EP71_true_12,truth,female
BRI_WILTY_EP68_truth_9,Truth,Female
LS_WILTY_EP72_true3,truth ,male 
BRI_WILTY_EP59_deception_25,deception,male
BRI_WILTY_EP69_lie_19,Deception,Male
LS_WILTY_EP73_ true4,truth ,female 
SJ_WILTY_EP71_true_22,truth,female
BRI_WILTY_EP57_truth_32,truth,male
BRI_WILTY_EP61_lie_29,deception,Male
BRI_WILTY_EP64_truth_6,Truth,Male 
BRI_WILTY_EP62_truth_23,Truth,Male
BRI_WILTY_EP60_lie_22,deception,male
BRI_WILTY_EP58_lie_21,deception,male
BRI_WILTY_EP66_truth_18,Truth,Male
LS_WILTY_EP14_truth10,truth,female
BRI_WILTY_EP64_truth_1,Truth,Male 
LS_WILTY_EP72_true7,truth ,male 
LS_WILTY_EP72_lie6,lie,female 
BRI_WILTY_EP64_lie_22,Deception,Male 
BRI_WILTY_EP63_truth_18,Truth,Male
BRI_WILTY_EP68_lie_20,Deception,Male
LS_WILTY_EP73_ lie9,lie,male 
BRI_WILTY_EP67_truth_11,Truth,Male
LS_WILTY_EP72_true8,truth ,male 
BRI_WILTY_EP62_truth_3,Truth,Male
BRI_WILTY_EP66_truth_4,Truth,Female
BRI_WILTY_EP61_lie_18,deception,Male
LS_WILTY_EP73_ true7,truth ,male 
BRI_WILTY_EP58_lie_22,deception,male
BRI_WILTY_EP63_truth_4,Truth,Female
BRI_WILTY_EP60_lie_9,deception,male
BRI_WILTY_EP67_lie_4,Deception,Male
BRI_WILTY_EP67_lie_8,Deception,Male
BRI_WILTY_EP63_truth_1,Truth,Female
BRI_WILTY_EP57_lie_17,deception,male
SJ_WILTY_EP71_true_23,truth,female
BRI_WILTY_EP69_lie_14,Deception,Male
BRI_WILTY_EP69_truth_4,Truth,Male
BRI_WILTY_EP57_truth_31,truth,male
SJ_WILTY_EP71_lie_9,deception,male
YW_WILTY_EP70_truth14,truth,male
LS_WILTY_EP73_ true1,truth ,female 
BRI_WILTY_EP68_lie_10,Deception,Male
BRI_WILTY_EP63_truth_22,Truth,Male
BRI_WILTY_EP58_truth_14,truth,male
LS_WILTY_EP76_true13,truth,male
SJ_WILTY_EP71_true_1,truth,male
BRI_WILTY_EP69_truth_5,Truth,Male
BRI_WILTY_EP57_truth_14,truth,male
BRI_WILTY_EP65_truth_4,Truth,Male
BRI_WILTY_EP65_truth_14,Truth,Male
BRI_WILTY_EP58_lie_24,deception,male
BRI_WILTY_EP66_lie_12,Deception,Male
BRI_WILTY_EP61_lie_32,deception,Male
BRI_WILTY_EP61_truth_10,truth,Female 
BRI_WILTY_EP61_truth_19,truth,Female 
BRI_WILTY_EP67_lie_3,Deception,Male
BRI_WILTY_EP64_truth_18,Truth,Male 
BRI_WILTY_EP59_lie_10,deception,male
LS_WILTY_EP75_lie1,lie,male 
SJ_WILTY_EP71_true_11,truth,female
BRI_WILTY_EP63_truth_17,Truth,Male
BRI_WILTY_EP59_lie_11,deception,male
BRI_WILTY_EP66_truth_1,Truth,Female
SJ_WILTY_EP71_true_30,truth,male
BRI_WILTY_EP57_lie_16,deception,male
LS_WILTY_EP73_ lie4,lie,male 
BRI_WILTY_EP66_truth_7,Truth,Female
BRI_WILTY_EP62_truth_21,Truth,Male
LS_WILTY_EP75_lie4,lie,male 
LS_WILTY_EP73_ lie1,lie,male 
BRI_WILTY_EP58_lie_31,deception,male
BRI_WILTY_EP68_lie_5,Deception,Male
BRI_WILTY_EP64_lie_11,Deception,Male 
BRI_WILTY_EP68_lie_6,Deception,Male
BRI_WILTY_EP58_lie_28,deception,male
BRI_WILTY_EP64_truth_16,Truth,Male 
LS_WILTY_EP14_lie11,deception,male
BRI_WILTY_EP65_lie_17,Deception,Female 
BRI_WILTY_EP58_truth_7,truth,male
BRI_WILTY_EP61_truth_11,truth,Female 
BRI_WILTY_EP65_truth_1,Truth,Male
BRI_WILTY_EP57_lie_23,deception,male
BRI_WILTY_EP62_truth_31,Truth,Male
BRI_WILTY_EP68_lie_3,Deception,Female
SJ_WILTY_EP71_lie_18,truth,male
BRI_WILTY_EP62_lie_27,Deception,Male
BRI_WILTY_EP61_lie_26,deception,Male
BRI_WILTY_EP67_lie_13,Deception,Male
BRI_WILTY_EP66_truth_8,Truth,Male
BRI_WILTY_EP65_lie_11,Deception,Male
BRI_WILTY_EP60_lie_16,deception,female
LS_WILTY_EP75_lie2,lie,male 
BRI_WILTY_EP61_truth_17,truth,Female 
BRI_WILTY_EP63_truth_5,Truth,Female
BRI_WILTY_EP66_truth_19,Truth,Male
BRI_WILTY_EP61_truth_20,truth,Female 
LS_WILTY_EP72_true1,truth ,male 
BRI_WILTY_EP58_truth_20,truth,female
LS_WILTY_EP76_true12,truth,male
YW_WILTY_EP70_truth12,truth,male
LS_WILTY_EP73_ lie3,lie,male 
BRI_WILTY_EP66_truth_5,Truth,Female
BRI_WILTY_EP58_lie_15,deception,female
LS_WILTY_EP72_true9,truth ,male 
BRI_WILTY_EP62_lie_25,Deception,Male
BRI_WILTY_EP58_truth_29,truth,female
BRI_WILTY_EP67_lie_5,Deception,Male
LS_WILTY_EP73_ lie8,lie,male 
BRI_WILTY_EP68_truth_14,Truth,Female
BRI_WILTY_EP62_truth_13,Truth,Male
BRI_WILTY_EP69_truth_25,Truth,Male
BRI_WILTY_EP65_lie_9,Deception,Male
BRI_WILTY_EP63_truth_13,Truth,Male
BRI_WILTY_EP68_lie_21,Deception,Male
BRI_WILTY_EP58_lie_19,deception,male
SJ_WILTY_EP71_true_19,truth,female
SJ_WILTY_EP71_true_27,truth,male
BRI_WILTY_EP57_truth_29,truth,male
BRI_WILTY_EP68_truth_4,Truth,Female
BRI_WILTY_EP61_truth_16,truth,Female 
BRI_WILTY_EP59_truth_6,truth,male
LS_WILTY_EP72_lie14,lie,female 
BRI_WILTY_EP57_truth_2,truth,male
BRI_WILTY_EP64_truth_2,Truth,Male 
LS_WILTY_EP72_lie12,lie,male 
YW_WILTY_EP70_truth16,truth,female
BRI_WILTY_EP58_truth_10,truth,male
BRI_WILTY_EP69_truth_6,Truth,Male
BRI_WILTY_EP60_truth_5,truth,female
LS_WILTY_EP72_true2,truth ,male 
BRI_WILTY_EP57_lie_11,deception,male
SJ_WILTY_EP71_lie_2,deception,female
BRI_WILTY_EP60_lie_8,deception,female
LS_WILTY_EP72_lie7,lie,female 
BRI_WILTY_EP59_truth_9,truth,male
BRI_WILTY_EP66_truth_6,Truth,Female
BRI_WILTY_EP69_lie_9,Deception,Male
LS_WILTY_EP73_ lie2,lie,male 
LS_WILTY_EP73_ true12,truth ,male 
BRI_WILTY_EP59_deception_24,deception,female
BRI_WILTY_EP64_truth_20,Truth,Male 
BRI_WILTY_EP58_lie_27,deception,male
BRI_WILTY_EP58_lie_26,deception,male
BRI_WILTY_EP65_truth_2,Truth,Male
BRI_WILTY_EP66_truth_15,Truth,Male
BRI_WILTY_EP67_lie_10,Deception,Male
BRI_WILTY_EP61_lie_36,Deception,Male
BRI_WILTY_EP63_truth_26,Truth,Male
BRI_WILTY_EP68_truth_13,Truth,Female
BRI_WILTY_EP61_lie_37,Deception,Male
SJ_WILTY_EP71_lie_10,deception,male
BRI_WILTY_EP59_lie_13,deception,male
LS_WILTY_EP76_true4,truth,male
BRI_WILTY_EP67_truth_9,Truth,Male
BRI_WILTY_EP65_truth_13,Truth,Male
SJ_WILTY_EP71_true_17,truth,male
LS_WILTY_EP73_ true6,truth ,male 
BRI_WILTY_EP59_lie_16,deception,male
BRI_WILTY_EP68_truth_7,Truth,Female
BRI_WILTY_EP57_truth_30,truth,male
BRI_WILTY_EP66_truth_16,Truth,Male
BRI_WILTY_EP65_lie_18,Deception,Female 
BRI_WILTY_EP69_lie_18,Deception,Male
LS_WILTY_EP76_lie14,lie,male
BRI_WILTY_EP62_truth_11,Truth,Male
LS_WILTY_EP73_ true8,truth ,male 
BRI_WILTY_EP66_truth_17,Truth,Male
BRI_WILTY_EP69_lie_3,Deception,Male
LS_WILTY_EP75_true1,truth,female 
BRI_WILTY_EP59_truth_18,truth,male
BRI_WILTY_EP69_lie_8,Deception,Male
BRI_WILTY_EP59_truth_3,truth,male
LS_WILTY_EP76_true11,truth,male
BRI_WILTY_EP65_truth_5,Truth,Male
SJ_WILTY_EP71_true_31,truth,male
SJ_WILTY_EP71_lie_15,deception,male
BRI_WILTY_EP61_lie_7,deception,Male
LS_WILTY_EP76_true7,truth ,male
BRI_WILTY_EP63_truth_23,Truth,Male
BRI_WILTY_EP67_lie_12,Deception,Male
BRI_WILTY_EP59_truth_19,truth,male
BRI_WILTY_EP60_lie_23,deception,male
LS_WILTY_EP72_lie16,lie,female 
LS_WILTY_EP73_ true5,truth ,female 
BRI_WILTY_EP62_lie_28,Deception,Male
LS_WILTY_EP73_ true10,truth ,male 
BRI_WILTY_EP67_truth_7,Truth,Male
BRI_WILTY_EP57_truth_9,truth,male
LS_WILTY_EP72_lie10,lie,male 
SJ_WILTY_EP71_lie_14,deception,male
BRI_WILTY_EP64_truth_12,Truth,Male 
BRI_WILTY_EP68_lie_1,Deception,Female
BRI_WILTY_EP58_truth_12,truth,male
BRI_WILTY_EP61_truth_33,Truth,Male
BRI_WILTY_EP69_truth_22,Truth,Female
BRI_WILTY_EP59_truth_8,truth,male
BRI_WILTY_EP62_lie_18,Deception,Male
LS_WILTY_EP75_lie9,lie,male
SJ_WILTY_EP71_true_21,truth,female
